,Actual,Prediction,Accuracy,ModelName,GridSearchParameters,GridSearchBestParameters,RunDate,RunTime
0,1,1,0,RandomForestClassifier,"{'n_estimators': [1, 2, 3, 4, 5, 6, 7, 8, 9], 'max_depth': [1, 2, 3, 4, 5, 6, 7, 8, 9]}","{'max_depth': 6, 'n_estimators': 7}",2022-05-02,03:35:32
1,0,0,0,RandomForestClassifier,"{'n_estimators': [1, 2, 3, 4, 5, 6, 7, 8, 9], 'max_depth': [1, 2, 3, 4, 5, 6, 7, 8, 9]}","{'max_depth': 6, 'n_estimators': 7}",2022-05-02,03:35:32
2,0,0,0,RandomForestClassifier,"{'n_estimators': [1, 2, 3, 4, 5, 6, 7, 8, 9], 'max_depth': [1, 2, 3, 4, 5, 6, 7, 8, 9]}","{'max_depth': 6, 'n_estimators': 7}",2022-05-02,03:35:32
3,1,1,0,RandomForestClassifier,"{'n_estimators': [1, 2, 3, 4, 5, 6, 7, 8, 9], 'max_depth': [1, 2, 3, 4, 5, 6, 7, 8, 9]}","{'max_depth': 6, 'n_estimators': 7}",2022-05-02,03:35:32
4,0,0,0,RandomForestClassifier,"{'n_estimators': [1, 2, 3, 4, 5, 6, 7, 8, 9], 'max_depth': [1, 2, 3, 4, 5, 6, 7, 8, 9]}","{'max_depth': 6, 'n_estimators': 7}",2022-05-02,03:35:32
5,1,1,0,RandomForestClassifier,"{'n_estimators': [1, 2, 3, 4, 5, 6, 7, 8, 9], 'max_depth': [1, 2, 3, 4, 5, 6, 7, 8, 9]}","{'max_depth': 6, 'n_estimators': 7}",2022-05-02,03:35:32
6,1,1,0,RandomForestClassifier,"{'n_estimators': [1, 2, 3, 4, 5, 6, 7, 8, 9], 'max_depth': [1, 2, 3, 4, 5, 6, 7, 8, 9]}","{'max_depth': 6, 'n_estimators': 7}",2022-05-02,03:35:32
7,1,1,0,RandomForestClassifier,"{'n_estimators': [1, 2, 3, 4, 5, 6, 7, 8, 9], 'max_depth': [1, 2, 3, 4, 5, 6, 7, 8, 9]}","{'max_depth': 6, 'n_estimators': 7}",2022-05-02,03:35:32
8,0,0,0,RandomForestClassifier,"{'n_estimators': [1, 2, 3, 4, 5, 6, 7, 8, 9], 'max_depth': [1, 2, 3, 4, 5, 6, 7, 8, 9]}","{'max_depth': 6, 'n_estimators': 7}",2022-05-02,03:35:32
9,0,0,0,RandomForestClassifier,"{'n_estimators': [1, 2, 3, 4, 5, 6, 7, 8, 9], 'max_depth': [1, 2, 3, 4, 5, 6, 7, 8, 9]}","{'max_depth': 6, 'n_estimators': 7}",2022-05-02,03:35:32
10,1,1,0,RandomForestClassifier,"{'n_estimators': [1, 2, 3, 4, 5, 6, 7, 8, 9], 'max_depth': [1, 2, 3, 4, 5, 6, 7, 8, 9]}","{'max_depth': 6, 'n_estimators': 7}",2022-05-02,03:35:32
11,0,1,0,RandomForestClassifier,"{'n_estimators': [1, 2, 3, 4, 5, 6, 7, 8, 9], 'max_depth': [1, 2, 3, 4, 5, 6, 7, 8, 9]}","{'max_depth': 6, 'n_estimators': 7}",2022-05-02,03:35:32
12,1,1,0,RandomForestClassifier,"{'n_estimators': [1, 2, 3, 4, 5, 6, 7, 8, 9], 'max_depth': [1, 2, 3, 4, 5, 6, 7, 8, 9]}","{'max_depth': 6, 'n_estimators': 7}",2022-05-02,03:35:32
13,1,1,0,RandomForestClassifier,"{'n_estimators': [1, 2, 3, 4, 5, 6, 7, 8, 9], 'max_depth': [1, 2, 3, 4, 5, 6, 7, 8, 9]}","{'max_depth': 6, 'n_estimators': 7}",2022-05-02,03:35:32
14,1,1,0,RandomForestClassifier,"{'n_estimators': [1, 2, 3, 4, 5, 6, 7, 8, 9], 'max_depth': [1, 2, 3, 4, 5, 6, 7, 8, 9]}","{'max_depth': 6, 'n_estimators': 7}",2022-05-02,03:35:32
15,0,0,0,RandomForestClassifier,"{'n_estimators': [1, 2, 3, 4, 5, 6, 7, 8, 9], 'max_depth': [1, 2, 3, 4, 5, 6, 7, 8, 9]}","{'max_depth': 6, 'n_estimators': 7}",2022-05-02,03:35:32
16,0,0,0,RandomForestClassifier,"{'n_estimators': [1, 2, 3, 4, 5, 6, 7, 8, 9], 'max_depth': [1, 2, 3, 4, 5, 6, 7, 8, 9]}","{'max_depth': 6, 'n_estimators': 7}",2022-05-02,03:35:32
17,0,0,0,RandomForestClassifier,"{'n_estimators': [1, 2, 3, 4, 5, 6, 7, 8, 9], 'max_depth': [1, 2, 3, 4, 5, 6, 7, 8, 9]}","{'max_depth': 6, 'n_estimators': 7}",2022-05-02,03:35:32
18,0,0,0,RandomForestClassifier,"{'n_estimators': [1, 2, 3, 4, 5, 6, 7, 8, 9], 'max_depth': [1, 2, 3, 4, 5, 6, 7, 8, 9]}","{'max_depth': 6, 'n_estimators': 7}",2022-05-02,03:35:32
19,1,1,0,RandomForestClassifier,"{'n_estimators': [1, 2, 3, 4, 5, 6, 7, 8, 9], 'max_depth': [1, 2, 3, 4, 5, 6, 7, 8, 9]}","{'max_depth': 6, 'n_estimators': 7}",2022-05-02,03:35:32
20,0,1,0,RandomForestClassifier,"{'n_estimators': [1, 2, 3, 4, 5, 6, 7, 8, 9], 'max_depth': [1, 2, 3, 4, 5, 6, 7, 8, 9]}","{'max_depth': 6, 'n_estimators': 7}",2022-05-02,03:35:32
21,0,0,0,RandomForestClassifier,"{'n_estimators': [1, 2, 3, 4, 5, 6, 7, 8, 9], 'max_depth': [1, 2, 3, 4, 5, 6, 7, 8, 9]}","{'max_depth': 6, 'n_estimators': 7}",2022-05-02,03:35:32
22,1,1,0,RandomForestClassifier,"{'n_estimators': [1, 2, 3, 4, 5, 6, 7, 8, 9], 'max_depth': [1, 2, 3, 4, 5, 6, 7, 8, 9]}","{'max_depth': 6, 'n_estimators': 7}",2022-05-02,03:35:32
23,1,1,0,RandomForestClassifier,"{'n_estimators': [1, 2, 3, 4, 5, 6, 7, 8, 9], 'max_depth': [1, 2, 3, 4, 5, 6, 7, 8, 9]}","{'max_depth': 6, 'n_estimators': 7}",2022-05-02,03:35:32
24,0,0,0,RandomForestClassifier,"{'n_estimators': [1, 2, 3, 4, 5, 6, 7, 8, 9], 'max_depth': [1, 2, 3, 4, 5, 6, 7, 8, 9]}","{'max_depth': 6, 'n_estimators': 7}",2022-05-02,03:35:32
25,1,1,0,RandomForestClassifier,"{'n_estimators': [1, 2, 3, 4, 5, 6, 7, 8, 9], 'max_depth': [1, 2, 3, 4, 5, 6, 7, 8, 9]}","{'max_depth': 6, 'n_estimators': 7}",2022-05-02,03:35:32
26,0,1,0,RandomForestClassifier,"{'n_estimators': [1, 2, 3, 4, 5, 6, 7, 8, 9], 'max_depth': [1, 2, 3, 4, 5, 6, 7, 8, 9]}","{'max_depth': 6, 'n_estimators': 7}",2022-05-02,03:35:32
27,1,1,0,RandomForestClassifier,"{'n_estimators': [1, 2, 3, 4, 5, 6, 7, 8, 9], 'max_depth': [1, 2, 3, 4, 5, 6, 7, 8, 9]}","{'max_depth': 6, 'n_estimators': 7}",2022-05-02,03:35:32
28,0,0,0,RandomForestClassifier,"{'n_estimators': [1, 2, 3, 4, 5, 6, 7, 8, 9], 'max_depth': [1, 2, 3, 4, 5, 6, 7, 8, 9]}","{'max_depth': 6, 'n_estimators': 7}",2022-05-02,03:35:32
29,0,0,0,RandomForestClassifier,"{'n_estimators': [1, 2, 3, 4, 5, 6, 7, 8, 9], 'max_depth': [1, 2, 3, 4, 5, 6, 7, 8, 9]}","{'max_depth': 6, 'n_estimators': 7}",2022-05-02,03:35:32
30,0,0,0,RandomForestClassifier,"{'n_estimators': [1, 2, 3, 4, 5, 6, 7, 8, 9], 'max_depth': [1, 2, 3, 4, 5, 6, 7, 8, 9]}","{'max_depth': 6, 'n_estimators': 7}",2022-05-02,03:35:32
31,0,0,0,RandomForestClassifier,"{'n_estimators': [1, 2, 3, 4, 5, 6, 7, 8, 9], 'max_depth': [1, 2, 3, 4, 5, 6, 7, 8, 9]}","{'max_depth': 6, 'n_estimators': 7}",2022-05-02,03:35:32
32,1,1,0,RandomForestClassifier,"{'n_estimators': [1, 2, 3, 4, 5, 6, 7, 8, 9], 'max_depth': [1, 2, 3, 4, 5, 6, 7, 8, 9]}","{'max_depth': 6, 'n_estimators': 7}",2022-05-02,03:35:32
33,0,0,0,RandomForestClassifier,"{'n_estimators': [1, 2, 3, 4, 5, 6, 7, 8, 9], 'max_depth': [1, 2, 3, 4, 5, 6, 7, 8, 9]}","{'max_depth': 6, 'n_estimators': 7}",2022-05-02,03:35:32
34,1,0,0,RandomForestClassifier,"{'n_estimators': [1, 2, 3, 4, 5, 6, 7, 8, 9], 'max_depth': [1, 2, 3, 4, 5, 6, 7, 8, 9]}","{'max_depth': 6, 'n_estimators': 7}",2022-05-02,03:35:32
35,0,0,0,RandomForestClassifier,"{'n_estimators': [1, 2, 3, 4, 5, 6, 7, 8, 9], 'max_depth': [1, 2, 3, 4, 5, 6, 7, 8, 9]}","{'max_depth': 6, 'n_estimators': 7}",2022-05-02,03:35:32
36,0,0,0,RandomForestClassifier,"{'n_estimators': [1, 2, 3, 4, 5, 6, 7, 8, 9], 'max_depth': [1, 2, 3, 4, 5, 6, 7, 8, 9]}","{'max_depth': 6, 'n_estimators': 7}",2022-05-02,03:35:32
37,0,0,0,RandomForestClassifier,"{'n_estimators': [1, 2, 3, 4, 5, 6, 7, 8, 9], 'max_depth': [1, 2, 3, 4, 5, 6, 7, 8, 9]}","{'max_depth': 6, 'n_estimators': 7}",2022-05-02,03:35:32
38,1,1,0,RandomForestClassifier,"{'n_estimators': [1, 2, 3, 4, 5, 6, 7, 8, 9], 'max_depth': [1, 2, 3, 4, 5, 6, 7, 8, 9]}","{'max_depth': 6, 'n_estimators': 7}",2022-05-02,03:35:32
39,0,0,0,RandomForestClassifier,"{'n_estimators': [1, 2, 3, 4, 5, 6, 7, 8, 9], 'max_depth': [1, 2, 3, 4, 5, 6, 7, 8, 9]}","{'max_depth': 6, 'n_estimators': 7}",2022-05-02,03:35:32
40,0,0,0,RandomForestClassifier,"{'n_estimators': [1, 2, 3, 4, 5, 6, 7, 8, 9], 'max_depth': [1, 2, 3, 4, 5, 6, 7, 8, 9]}","{'max_depth': 6, 'n_estimators': 7}",2022-05-02,03:35:32
41,1,1,0,RandomForestClassifier,"{'n_estimators': [1, 2, 3, 4, 5, 6, 7, 8, 9], 'max_depth': [1, 2, 3, 4, 5, 6, 7, 8, 9]}","{'max_depth': 6, 'n_estimators': 7}",2022-05-02,03:35:32
42,0,0,0,RandomForestClassifier,"{'n_estimators': [1, 2, 3, 4, 5, 6, 7, 8, 9], 'max_depth': [1, 2, 3, 4, 5, 6, 7, 8, 9]}","{'max_depth': 6, 'n_estimators': 7}",2022-05-02,03:35:32
43,0,0,0,RandomForestClassifier,"{'n_estimators': [1, 2, 3, 4, 5, 6, 7, 8, 9], 'max_depth': [1, 2, 3, 4, 5, 6, 7, 8, 9]}","{'max_depth': 6, 'n_estimators': 7}",2022-05-02,03:35:32
44,1,1,0,RandomForestClassifier,"{'n_estimators': [1, 2, 3, 4, 5, 6, 7, 8, 9], 'max_depth': [1, 2, 3, 4, 5, 6, 7, 8, 9]}","{'max_depth': 6, 'n_estimators': 7}",2022-05-02,03:35:32
45,1,1,0,RandomForestClassifier,"{'n_estimators': [1, 2, 3, 4, 5, 6, 7, 8, 9], 'max_depth': [1, 2, 3, 4, 5, 6, 7, 8, 9]}","{'max_depth': 6, 'n_estimators': 7}",2022-05-02,03:35:32
46,1,1,0,RandomForestClassifier,"{'n_estimators': [1, 2, 3, 4, 5, 6, 7, 8, 9], 'max_depth': [1, 2, 3, 4, 5, 6, 7, 8, 9]}","{'max_depth': 6, 'n_estimators': 7}",2022-05-02,03:35:32
47,0,0,0,RandomForestClassifier,"{'n_estimators': [1, 2, 3, 4, 5, 6, 7, 8, 9], 'max_depth': [1, 2, 3, 4, 5, 6, 7, 8, 9]}","{'max_depth': 6, 'n_estimators': 7}",2022-05-02,03:35:32
48,1,1,0,RandomForestClassifier,"{'n_estimators': [1, 2, 3, 4, 5, 6, 7, 8, 9], 'max_depth': [1, 2, 3, 4, 5, 6, 7, 8, 9]}","{'max_depth': 6, 'n_estimators': 7}",2022-05-02,03:35:32
49,0,0,0,RandomForestClassifier,"{'n_estimators': [1, 2, 3, 4, 5, 6, 7, 8, 9], 'max_depth': [1, 2, 3, 4, 5, 6, 7, 8, 9]}","{'max_depth': 6, 'n_estimators': 7}",2022-05-02,03:35:32
50,1,1,0,MLPClassifier,{},{},2022-05-02,03:35:32
51,0,0,0,MLPClassifier,{},{},2022-05-02,03:35:32
52,0,0,0,MLPClassifier,{},{},2022-05-02,03:35:32
53,1,1,0,MLPClassifier,{},{},2022-05-02,03:35:32
54,0,1,0,MLPClassifier,{},{},2022-05-02,03:35:32
55,1,1,0,MLPClassifier,{},{},2022-05-02,03:35:32
56,1,1,0,MLPClassifier,{},{},2022-05-02,03:35:32
57,1,1,0,MLPClassifier,{},{},2022-05-02,03:35:32
58,0,0,0,MLPClassifier,{},{},2022-05-02,03:35:32
59,0,0,0,MLPClassifier,{},{},2022-05-02,03:35:32
60,1,1,0,MLPClassifier,{},{},2022-05-02,03:35:32
61,0,1,0,MLPClassifier,{},{},2022-05-02,03:35:32
62,1,1,0,MLPClassifier,{},{},2022-05-02,03:35:32
63,1,1,0,MLPClassifier,{},{},2022-05-02,03:35:32
64,1,1,0,MLPClassifier,{},{},2022-05-02,03:35:32
65,0,0,0,MLPClassifier,{},{},2022-05-02,03:35:32
66,0,0,0,MLPClassifier,{},{},2022-05-02,03:35:32
67,0,0,0,MLPClassifier,{},{},2022-05-02,03:35:32
68,0,0,0,MLPClassifier,{},{},2022-05-02,03:35:32
69,1,1,0,MLPClassifier,{},{},2022-05-02,03:35:32
70,0,0,0,MLPClassifier,{},{},2022-05-02,03:35:32
71,0,0,0,MLPClassifier,{},{},2022-05-02,03:35:32
72,1,1,0,MLPClassifier,{},{},2022-05-02,03:35:32
73,1,1,0,MLPClassifier,{},{},2022-05-02,03:35:32
74,0,0,0,MLPClassifier,{},{},2022-05-02,03:35:32
75,1,1,0,MLPClassifier,{},{},2022-05-02,03:35:32
76,0,0,0,MLPClassifier,{},{},2022-05-02,03:35:32
77,1,1,0,MLPClassifier,{},{},2022-05-02,03:35:32
78,0,0,0,MLPClassifier,{},{},2022-05-02,03:35:32
79,0,0,0,MLPClassifier,{},{},2022-05-02,03:35:32
80,0,0,0,MLPClassifier,{},{},2022-05-02,03:35:32
81,0,0,0,MLPClassifier,{},{},2022-05-02,03:35:32
82,1,0,0,MLPClassifier,{},{},2022-05-02,03:35:32
83,0,0,0,MLPClassifier,{},{},2022-05-02,03:35:32
84,1,0,0,MLPClassifier,{},{},2022-05-02,03:35:32
85,0,0,0,MLPClassifier,{},{},2022-05-02,03:35:32
86,0,0,0,MLPClassifier,{},{},2022-05-02,03:35:32
87,0,0,0,MLPClassifier,{},{},2022-05-02,03:35:32
88,1,1,0,MLPClassifier,{},{},2022-05-02,03:35:32
89,0,0,0,MLPClassifier,{},{},2022-05-02,03:35:32
90,0,0,0,MLPClassifier,{},{},2022-05-02,03:35:32
91,1,1,0,MLPClassifier,{},{},2022-05-02,03:35:32
92,0,0,0,MLPClassifier,{},{},2022-05-02,03:35:32
93,0,0,0,MLPClassifier,{},{},2022-05-02,03:35:32
94,1,1,0,MLPClassifier,{},{},2022-05-02,03:35:32
95,1,1,0,MLPClassifier,{},{},2022-05-02,03:35:32
96,1,1,0,MLPClassifier,{},{},2022-05-02,03:35:32
97,0,0,0,MLPClassifier,{},{},2022-05-02,03:35:32
98,1,1,0,MLPClassifier,{},{},2022-05-02,03:35:32
99,0,0,0,MLPClassifier,{},{},2022-05-02,03:35:32
100,1,1,0,GradientBoostingClassifier,{},{},2022-05-02,03:35:32
101,0,0,0,GradientBoostingClassifier,{},{},2022-05-02,03:35:32
102,0,0,0,GradientBoostingClassifier,{},{},2022-05-02,03:35:32
103,1,1,0,GradientBoostingClassifier,{},{},2022-05-02,03:35:32
104,0,0,0,GradientBoostingClassifier,{},{},2022-05-02,03:35:32
105,1,1,0,GradientBoostingClassifier,{},{},2022-05-02,03:35:32
106,1,1,0,GradientBoostingClassifier,{},{},2022-05-02,03:35:32
107,1,1,0,GradientBoostingClassifier,{},{},2022-05-02,03:35:32
108,0,1,0,GradientBoostingClassifier,{},{},2022-05-02,03:35:32
109,0,0,0,GradientBoostingClassifier,{},{},2022-05-02,03:35:32
110,1,1,0,GradientBoostingClassifier,{},{},2022-05-02,03:35:32
111,0,1,0,GradientBoostingClassifier,{},{},2022-05-02,03:35:32
112,1,1,0,GradientBoostingClassifier,{},{},2022-05-02,03:35:32
113,1,1,0,GradientBoostingClassifier,{},{},2022-05-02,03:35:32
114,1,1,0,GradientBoostingClassifier,{},{},2022-05-02,03:35:32
115,0,0,0,GradientBoostingClassifier,{},{},2022-05-02,03:35:32
116,0,0,0,GradientBoostingClassifier,{},{},2022-05-02,03:35:32
117,0,1,0,GradientBoostingClassifier,{},{},2022-05-02,03:35:32
118,0,0,0,GradientBoostingClassifier,{},{},2022-05-02,03:35:32
119,1,1,0,GradientBoostingClassifier,{},{},2022-05-02,03:35:32
120,0,0,0,GradientBoostingClassifier,{},{},2022-05-02,03:35:32
121,0,0,0,GradientBoostingClassifier,{},{},2022-05-02,03:35:32
122,1,1,0,GradientBoostingClassifier,{},{},2022-05-02,03:35:32
123,1,1,0,GradientBoostingClassifier,{},{},2022-05-02,03:35:32
124,0,0,0,GradientBoostingClassifier,{},{},2022-05-02,03:35:32
125,1,1,0,GradientBoostingClassifier,{},{},2022-05-02,03:35:32
126,0,0,0,GradientBoostingClassifier,{},{},2022-05-02,03:35:32
127,1,1,0,GradientBoostingClassifier,{},{},2022-05-02,03:35:32
128,0,0,0,GradientBoostingClassifier,{},{},2022-05-02,03:35:32
129,0,0,0,GradientBoostingClassifier,{},{},2022-05-02,03:35:32
130,0,1,0,GradientBoostingClassifier,{},{},2022-05-02,03:35:32
131,0,1,0,GradientBoostingClassifier,{},{},2022-05-02,03:35:32
132,1,1,0,GradientBoostingClassifier,{},{},2022-05-02,03:35:32
133,0,0,0,GradientBoostingClassifier,{},{},2022-05-02,03:35:32
134,1,1,0,GradientBoostingClassifier,{},{},2022-05-02,03:35:32
135,0,0,0,GradientBoostingClassifier,{},{},2022-05-02,03:35:32
136,0,0,0,GradientBoostingClassifier,{},{},2022-05-02,03:35:32
137,0,0,0,GradientBoostingClassifier,{},{},2022-05-02,03:35:32
138,1,1,0,GradientBoostingClassifier,{},{},2022-05-02,03:35:32
139,0,1,0,GradientBoostingClassifier,{},{},2022-05-02,03:35:32
140,0,0,0,GradientBoostingClassifier,{},{},2022-05-02,03:35:32
141,1,1,0,GradientBoostingClassifier,{},{},2022-05-02,03:35:32
142,0,0,0,GradientBoostingClassifier,{},{},2022-05-02,03:35:32
143,0,1,0,GradientBoostingClassifier,{},{},2022-05-02,03:35:32
144,1,1,0,GradientBoostingClassifier,{},{},2022-05-02,03:35:32
145,1,1,0,GradientBoostingClassifier,{},{},2022-05-02,03:35:32
146,1,1,0,GradientBoostingClassifier,{},{},2022-05-02,03:35:32
147,0,0,0,GradientBoostingClassifier,{},{},2022-05-02,03:35:32
148,1,1,0,GradientBoostingClassifier,{},{},2022-05-02,03:35:32
149,0,0,0,GradientBoostingClassifier,{},{},2022-05-02,03:35:32
150,1,1,0,SVC,{},{},2022-05-02,03:35:32
151,0,0,0,SVC,{},{},2022-05-02,03:35:32
152,0,0,0,SVC,{},{},2022-05-02,03:35:32
153,1,1,0,SVC,{},{},2022-05-02,03:35:32
154,0,1,0,SVC,{},{},2022-05-02,03:35:32
155,1,1,0,SVC,{},{},2022-05-02,03:35:32
156,1,1,0,SVC,{},{},2022-05-02,03:35:32
157,1,1,0,SVC,{},{},2022-05-02,03:35:32
158,0,0,0,SVC,{},{},2022-05-02,03:35:32
159,0,0,0,SVC,{},{},2022-05-02,03:35:32
160,1,1,0,SVC,{},{},2022-05-02,03:35:32
161,0,1,0,SVC,{},{},2022-05-02,03:35:32
162,1,1,0,SVC,{},{},2022-05-02,03:35:32
163,1,1,0,SVC,{},{},2022-05-02,03:35:32
164,1,1,0,SVC,{},{},2022-05-02,03:35:32
165,0,0,0,SVC,{},{},2022-05-02,03:35:32
166,0,0,0,SVC,{},{},2022-05-02,03:35:32
167,0,0,0,SVC,{},{},2022-05-02,03:35:32
168,0,0,0,SVC,{},{},2022-05-02,03:35:32
169,1,1,0,SVC,{},{},2022-05-02,03:35:32
170,0,0,0,SVC,{},{},2022-05-02,03:35:32
171,0,0,0,SVC,{},{},2022-05-02,03:35:32
172,1,1,0,SVC,{},{},2022-05-02,03:35:32
173,1,1,0,SVC,{},{},2022-05-02,03:35:32
174,0,0,0,SVC,{},{},2022-05-02,03:35:32
175,1,1,0,SVC,{},{},2022-05-02,03:35:32
176,0,0,0,SVC,{},{},2022-05-02,03:35:32
177,1,1,0,SVC,{},{},2022-05-02,03:35:32
178,0,0,0,SVC,{},{},2022-05-02,03:35:32
179,0,0,0,SVC,{},{},2022-05-02,03:35:32
180,0,0,0,SVC,{},{},2022-05-02,03:35:32
181,0,0,0,SVC,{},{},2022-05-02,03:35:32
182,1,1,0,SVC,{},{},2022-05-02,03:35:32
183,0,0,0,SVC,{},{},2022-05-02,03:35:32
184,1,0,0,SVC,{},{},2022-05-02,03:35:32
185,0,0,0,SVC,{},{},2022-05-02,03:35:32
186,0,0,0,SVC,{},{},2022-05-02,03:35:32
187,0,0,0,SVC,{},{},2022-05-02,03:35:32
188,1,1,0,SVC,{},{},2022-05-02,03:35:32
189,0,0,0,SVC,{},{},2022-05-02,03:35:32
190,0,0,0,SVC,{},{},2022-05-02,03:35:32
191,1,1,0,SVC,{},{},2022-05-02,03:35:32
192,0,0,0,SVC,{},{},2022-05-02,03:35:32
193,0,0,0,SVC,{},{},2022-05-02,03:35:32
194,1,1,0,SVC,{},{},2022-05-02,03:35:32
195,1,1,0,SVC,{},{},2022-05-02,03:35:32
196,1,1,0,SVC,{},{},2022-05-02,03:35:32
197,0,0,0,SVC,{},{},2022-05-02,03:35:32
198,1,1,0,SVC,{},{},2022-05-02,03:35:32
199,0,0,0,SVC,{},{},2022-05-02,03:35:32
200,1,1,0,LinearDiscriminantAnalysis,{},{},2022-05-02,03:35:32
201,0,0,0,LinearDiscriminantAnalysis,{},{},2022-05-02,03:35:32
202,0,0,0,LinearDiscriminantAnalysis,{},{},2022-05-02,03:35:32
203,1,1,0,LinearDiscriminantAnalysis,{},{},2022-05-02,03:35:32
204,0,0,0,LinearDiscriminantAnalysis,{},{},2022-05-02,03:35:32
205,1,1,0,LinearDiscriminantAnalysis,{},{},2022-05-02,03:35:32
206,1,1,0,LinearDiscriminantAnalysis,{},{},2022-05-02,03:35:32
207,1,1,0,LinearDiscriminantAnalysis,{},{},2022-05-02,03:35:32
208,0,0,0,LinearDiscriminantAnalysis,{},{},2022-05-02,03:35:32
209,0,0,0,LinearDiscriminantAnalysis,{},{},2022-05-02,03:35:32
210,1,1,0,LinearDiscriminantAnalysis,{},{},2022-05-02,03:35:32
211,0,1,0,LinearDiscriminantAnalysis,{},{},2022-05-02,03:35:32
212,1,1,0,LinearDiscriminantAnalysis,{},{},2022-05-02,03:35:32
213,1,1,0,LinearDiscriminantAnalysis,{},{},2022-05-02,03:35:32
214,1,1,0,LinearDiscriminantAnalysis,{},{},2022-05-02,03:35:32
215,0,0,0,LinearDiscriminantAnalysis,{},{},2022-05-02,03:35:32
216,0,0,0,LinearDiscriminantAnalysis,{},{},2022-05-02,03:35:32
217,0,0,0,LinearDiscriminantAnalysis,{},{},2022-05-02,03:35:32
218,0,0,0,LinearDiscriminantAnalysis,{},{},2022-05-02,03:35:32
219,1,1,0,LinearDiscriminantAnalysis,{},{},2022-05-02,03:35:32
220,0,0,0,LinearDiscriminantAnalysis,{},{},2022-05-02,03:35:32
221,0,0,0,LinearDiscriminantAnalysis,{},{},2022-05-02,03:35:32
222,1,1,0,LinearDiscriminantAnalysis,{},{},2022-05-02,03:35:32
223,1,1,0,LinearDiscriminantAnalysis,{},{},2022-05-02,03:35:32
224,0,0,0,LinearDiscriminantAnalysis,{},{},2022-05-02,03:35:32
225,1,1,0,LinearDiscriminantAnalysis,{},{},2022-05-02,03:35:32
226,0,0,0,LinearDiscriminantAnalysis,{},{},2022-05-02,03:35:32
227,1,1,0,LinearDiscriminantAnalysis,{},{},2022-05-02,03:35:32
228,0,0,0,LinearDiscriminantAnalysis,{},{},2022-05-02,03:35:32
229,0,0,0,LinearDiscriminantAnalysis,{},{},2022-05-02,03:35:32
230,0,0,0,LinearDiscriminantAnalysis,{},{},2022-05-02,03:35:32
231,0,0,0,LinearDiscriminantAnalysis,{},{},2022-05-02,03:35:32
232,1,1,0,LinearDiscriminantAnalysis,{},{},2022-05-02,03:35:32
233,0,0,0,LinearDiscriminantAnalysis,{},{},2022-05-02,03:35:32
234,1,0,0,LinearDiscriminantAnalysis,{},{},2022-05-02,03:35:32
235,0,0,0,LinearDiscriminantAnalysis,{},{},2022-05-02,03:35:32
236,0,0,0,LinearDiscriminantAnalysis,{},{},2022-05-02,03:35:32
237,0,0,0,LinearDiscriminantAnalysis,{},{},2022-05-02,03:35:32
238,1,1,0,LinearDiscriminantAnalysis,{},{},2022-05-02,03:35:32
239,0,0,0,LinearDiscriminantAnalysis,{},{},2022-05-02,03:35:32
240,0,0,0,LinearDiscriminantAnalysis,{},{},2022-05-02,03:35:32
241,1,1,0,LinearDiscriminantAnalysis,{},{},2022-05-02,03:35:32
242,0,0,0,LinearDiscriminantAnalysis,{},{},2022-05-02,03:35:32
243,0,0,0,LinearDiscriminantAnalysis,{},{},2022-05-02,03:35:32
244,1,1,0,LinearDiscriminantAnalysis,{},{},2022-05-02,03:35:32
245,1,1,0,LinearDiscriminantAnalysis,{},{},2022-05-02,03:35:32
246,1,1,0,LinearDiscriminantAnalysis,{},{},2022-05-02,03:35:32
247,0,0,0,LinearDiscriminantAnalysis,{},{},2022-05-02,03:35:32
248,1,1,0,LinearDiscriminantAnalysis,{},{},2022-05-02,03:35:32
249,0,0,0,LinearDiscriminantAnalysis,{},{},2022-05-02,03:35:32
250,1,1,0,RidgeClassifier,{},{},2022-05-02,03:35:32
251,0,0,0,RidgeClassifier,{},{},2022-05-02,03:35:32
252,0,0,0,RidgeClassifier,{},{},2022-05-02,03:35:32
253,1,1,0,RidgeClassifier,{},{},2022-05-02,03:35:32
254,0,0,0,RidgeClassifier,{},{},2022-05-02,03:35:32
255,1,1,0,RidgeClassifier,{},{},2022-05-02,03:35:32
256,1,1,0,RidgeClassifier,{},{},2022-05-02,03:35:32
257,1,1,0,RidgeClassifier,{},{},2022-05-02,03:35:32
258,0,0,0,RidgeClassifier,{},{},2022-05-02,03:35:32
259,0,0,0,RidgeClassifier,{},{},2022-05-02,03:35:32
260,1,1,0,RidgeClassifier,{},{},2022-05-02,03:35:32
261,0,1,0,RidgeClassifier,{},{},2022-05-02,03:35:32
262,1,1,0,RidgeClassifier,{},{},2022-05-02,03:35:32
263,1,1,0,RidgeClassifier,{},{},2022-05-02,03:35:32
264,1,1,0,RidgeClassifier,{},{},2022-05-02,03:35:32
265,0,0,0,RidgeClassifier,{},{},2022-05-02,03:35:32
266,0,0,0,RidgeClassifier,{},{},2022-05-02,03:35:32
267,0,0,0,RidgeClassifier,{},{},2022-05-02,03:35:32
268,0,0,0,RidgeClassifier,{},{},2022-05-02,03:35:32
269,1,1,0,RidgeClassifier,{},{},2022-05-02,03:35:32
270,0,0,0,RidgeClassifier,{},{},2022-05-02,03:35:32
271,0,0,0,RidgeClassifier,{},{},2022-05-02,03:35:32
272,1,1,0,RidgeClassifier,{},{},2022-05-02,03:35:32
273,1,1,0,RidgeClassifier,{},{},2022-05-02,03:35:32
274,0,0,0,RidgeClassifier,{},{},2022-05-02,03:35:32
275,1,1,0,RidgeClassifier,{},{},2022-05-02,03:35:32
276,0,0,0,RidgeClassifier,{},{},2022-05-02,03:35:32
277,1,1,0,RidgeClassifier,{},{},2022-05-02,03:35:32
278,0,0,0,RidgeClassifier,{},{},2022-05-02,03:35:32
279,0,0,0,RidgeClassifier,{},{},2022-05-02,03:35:32
280,0,0,0,RidgeClassifier,{},{},2022-05-02,03:35:32
281,0,0,0,RidgeClassifier,{},{},2022-05-02,03:35:32
282,1,1,0,RidgeClassifier,{},{},2022-05-02,03:35:32
283,0,0,0,RidgeClassifier,{},{},2022-05-02,03:35:32
284,1,0,0,RidgeClassifier,{},{},2022-05-02,03:35:32
285,0,0,0,RidgeClassifier,{},{},2022-05-02,03:35:32
286,0,0,0,RidgeClassifier,{},{},2022-05-02,03:35:32
287,0,0,0,RidgeClassifier,{},{},2022-05-02,03:35:32
288,1,1,0,RidgeClassifier,{},{},2022-05-02,03:35:32
289,0,0,0,RidgeClassifier,{},{},2022-05-02,03:35:32
290,0,0,0,RidgeClassifier,{},{},2022-05-02,03:35:32
291,1,1,0,RidgeClassifier,{},{},2022-05-02,03:35:32
292,0,0,0,RidgeClassifier,{},{},2022-05-02,03:35:32
293,0,0,0,RidgeClassifier,{},{},2022-05-02,03:35:32
294,1,1,0,RidgeClassifier,{},{},2022-05-02,03:35:32
295,1,1,0,RidgeClassifier,{},{},2022-05-02,03:35:32
296,1,1,0,RidgeClassifier,{},{},2022-05-02,03:35:32
297,0,0,0,RidgeClassifier,{},{},2022-05-02,03:35:32
298,1,1,0,RidgeClassifier,{},{},2022-05-02,03:35:32
299,0,0,0,RidgeClassifier,{},{},2022-05-02,03:35:32
300,1,1,0,SGDClassifier,{},{},2022-05-02,03:35:32
301,0,0,0,SGDClassifier,{},{},2022-05-02,03:35:32
302,0,0,0,SGDClassifier,{},{},2022-05-02,03:35:32
303,1,1,0,SGDClassifier,{},{},2022-05-02,03:35:32
304,0,0,0,SGDClassifier,{},{},2022-05-02,03:35:32
305,1,1,0,SGDClassifier,{},{},2022-05-02,03:35:32
306,1,1,0,SGDClassifier,{},{},2022-05-02,03:35:32
307,1,1,0,SGDClassifier,{},{},2022-05-02,03:35:32
308,0,0,0,SGDClassifier,{},{},2022-05-02,03:35:32
309,0,0,0,SGDClassifier,{},{},2022-05-02,03:35:32
310,1,1,0,SGDClassifier,{},{},2022-05-02,03:35:32
311,0,1,0,SGDClassifier,{},{},2022-05-02,03:35:32
312,1,1,0,SGDClassifier,{},{},2022-05-02,03:35:32
313,1,1,0,SGDClassifier,{},{},2022-05-02,03:35:32
314,1,1,0,SGDClassifier,{},{},2022-05-02,03:35:32
315,0,0,0,SGDClassifier,{},{},2022-05-02,03:35:32
316,0,0,0,SGDClassifier,{},{},2022-05-02,03:35:32
317,0,0,0,SGDClassifier,{},{},2022-05-02,03:35:32
318,0,0,0,SGDClassifier,{},{},2022-05-02,03:35:32
319,1,1,0,SGDClassifier,{},{},2022-05-02,03:35:32
320,0,0,0,SGDClassifier,{},{},2022-05-02,03:35:32
321,0,0,0,SGDClassifier,{},{},2022-05-02,03:35:32
322,1,1,0,SGDClassifier,{},{},2022-05-02,03:35:32
323,1,1,0,SGDClassifier,{},{},2022-05-02,03:35:32
324,0,0,0,SGDClassifier,{},{},2022-05-02,03:35:32
325,1,1,0,SGDClassifier,{},{},2022-05-02,03:35:32
326,0,0,0,SGDClassifier,{},{},2022-05-02,03:35:32
327,1,1,0,SGDClassifier,{},{},2022-05-02,03:35:32
328,0,0,0,SGDClassifier,{},{},2022-05-02,03:35:32
329,0,0,0,SGDClassifier,{},{},2022-05-02,03:35:32
330,0,0,0,SGDClassifier,{},{},2022-05-02,03:35:32
331,0,0,0,SGDClassifier,{},{},2022-05-02,03:35:32
332,1,1,0,SGDClassifier,{},{},2022-05-02,03:35:32
333,0,0,0,SGDClassifier,{},{},2022-05-02,03:35:32
334,1,0,0,SGDClassifier,{},{},2022-05-02,03:35:32
335,0,0,0,SGDClassifier,{},{},2022-05-02,03:35:32
336,0,0,0,SGDClassifier,{},{},2022-05-02,03:35:32
337,0,0,0,SGDClassifier,{},{},2022-05-02,03:35:32
338,1,1,0,SGDClassifier,{},{},2022-05-02,03:35:32
339,0,0,0,SGDClassifier,{},{},2022-05-02,03:35:32
340,0,0,0,SGDClassifier,{},{},2022-05-02,03:35:32
341,1,1,0,SGDClassifier,{},{},2022-05-02,03:35:32
342,0,0,0,SGDClassifier,{},{},2022-05-02,03:35:32
343,0,0,0,SGDClassifier,{},{},2022-05-02,03:35:32
344,1,1,0,SGDClassifier,{},{},2022-05-02,03:35:32
345,1,1,0,SGDClassifier,{},{},2022-05-02,03:35:32
346,1,1,0,SGDClassifier,{},{},2022-05-02,03:35:32
347,0,0,0,SGDClassifier,{},{},2022-05-02,03:35:32
348,1,1,0,SGDClassifier,{},{},2022-05-02,03:35:32
349,0,0,0,SGDClassifier,{},{},2022-05-02,03:35:32
350,1,0,0,KNeighborsClassifier,{},{},2022-05-02,03:35:32
351,0,0,0,KNeighborsClassifier,{},{},2022-05-02,03:35:32
352,0,0,0,KNeighborsClassifier,{},{},2022-05-02,03:35:32
353,1,1,0,KNeighborsClassifier,{},{},2022-05-02,03:35:32
354,0,0,0,KNeighborsClassifier,{},{},2022-05-02,03:35:32
355,1,1,0,KNeighborsClassifier,{},{},2022-05-02,03:35:32
356,1,1,0,KNeighborsClassifier,{},{},2022-05-02,03:35:32
357,1,1,0,KNeighborsClassifier,{},{},2022-05-02,03:35:32
358,0,0,0,KNeighborsClassifier,{},{},2022-05-02,03:35:32
359,0,0,0,KNeighborsClassifier,{},{},2022-05-02,03:35:32
360,1,1,0,KNeighborsClassifier,{},{},2022-05-02,03:35:32
361,0,1,0,KNeighborsClassifier,{},{},2022-05-02,03:35:32
362,1,1,0,KNeighborsClassifier,{},{},2022-05-02,03:35:32
363,1,1,0,KNeighborsClassifier,{},{},2022-05-02,03:35:32
364,1,1,0,KNeighborsClassifier,{},{},2022-05-02,03:35:32
365,0,0,0,KNeighborsClassifier,{},{},2022-05-02,03:35:32
366,0,0,0,KNeighborsClassifier,{},{},2022-05-02,03:35:32
367,0,0,0,KNeighborsClassifier,{},{},2022-05-02,03:35:32
368,0,0,0,KNeighborsClassifier,{},{},2022-05-02,03:35:32
369,1,1,0,KNeighborsClassifier,{},{},2022-05-02,03:35:32
370,0,0,0,KNeighborsClassifier,{},{},2022-05-02,03:35:32
371,0,0,0,KNeighborsClassifier,{},{},2022-05-02,03:35:32
372,1,1,0,KNeighborsClassifier,{},{},2022-05-02,03:35:32
373,1,1,0,KNeighborsClassifier,{},{},2022-05-02,03:35:32
374,0,0,0,KNeighborsClassifier,{},{},2022-05-02,03:35:32
375,1,1,0,KNeighborsClassifier,{},{},2022-05-02,03:35:32
376,0,1,0,KNeighborsClassifier,{},{},2022-05-02,03:35:32
377,1,1,0,KNeighborsClassifier,{},{},2022-05-02,03:35:32
378,0,0,0,KNeighborsClassifier,{},{},2022-05-02,03:35:32
379,0,0,0,KNeighborsClassifier,{},{},2022-05-02,03:35:32
380,0,0,0,KNeighborsClassifier,{},{},2022-05-02,03:35:32
381,0,0,0,KNeighborsClassifier,{},{},2022-05-02,03:35:32
382,1,0,0,KNeighborsClassifier,{},{},2022-05-02,03:35:32
383,0,0,0,KNeighborsClassifier,{},{},2022-05-02,03:35:32
384,1,0,0,KNeighborsClassifier,{},{},2022-05-02,03:35:32
385,0,1,0,KNeighborsClassifier,{},{},2022-05-02,03:35:32
386,0,0,0,KNeighborsClassifier,{},{},2022-05-02,03:35:32
387,0,0,0,KNeighborsClassifier,{},{},2022-05-02,03:35:32
388,1,1,0,KNeighborsClassifier,{},{},2022-05-02,03:35:32
389,0,0,0,KNeighborsClassifier,{},{},2022-05-02,03:35:32
390,0,0,0,KNeighborsClassifier,{},{},2022-05-02,03:35:32
391,1,1,0,KNeighborsClassifier,{},{},2022-05-02,03:35:32
392,0,0,0,KNeighborsClassifier,{},{},2022-05-02,03:35:32
393,0,0,0,KNeighborsClassifier,{},{},2022-05-02,03:35:32
394,1,0,0,KNeighborsClassifier,{},{},2022-05-02,03:35:32
395,1,1,0,KNeighborsClassifier,{},{},2022-05-02,03:35:32
396,1,1,0,KNeighborsClassifier,{},{},2022-05-02,03:35:32
397,0,0,0,KNeighborsClassifier,{},{},2022-05-02,03:35:32
398,1,1,0,KNeighborsClassifier,{},{},2022-05-02,03:35:32
399,0,0,0,KNeighborsClassifier,{},{},2022-05-02,03:35:32
400,1,1,0,GaussianProcessClassifier,{},{},2022-05-02,03:35:32
401,0,0,0,GaussianProcessClassifier,{},{},2022-05-02,03:35:32
402,0,0,0,GaussianProcessClassifier,{},{},2022-05-02,03:35:32
403,1,1,0,GaussianProcessClassifier,{},{},2022-05-02,03:35:32
404,0,1,0,GaussianProcessClassifier,{},{},2022-05-02,03:35:32
405,1,1,0,GaussianProcessClassifier,{},{},2022-05-02,03:35:32
406,1,1,0,GaussianProcessClassifier,{},{},2022-05-02,03:35:32
407,1,1,0,GaussianProcessClassifier,{},{},2022-05-02,03:35:32
408,0,0,0,GaussianProcessClassifier,{},{},2022-05-02,03:35:32
409,0,0,0,GaussianProcessClassifier,{},{},2022-05-02,03:35:32
410,1,1,0,GaussianProcessClassifier,{},{},2022-05-02,03:35:32
411,0,0,0,GaussianProcessClassifier,{},{},2022-05-02,03:35:32
412,1,1,0,GaussianProcessClassifier,{},{},2022-05-02,03:35:32
413,1,1,0,GaussianProcessClassifier,{},{},2022-05-02,03:35:32
414,1,1,0,GaussianProcessClassifier,{},{},2022-05-02,03:35:32
415,0,0,0,GaussianProcessClassifier,{},{},2022-05-02,03:35:32
416,0,0,0,GaussianProcessClassifier,{},{},2022-05-02,03:35:32
417,0,0,0,GaussianProcessClassifier,{},{},2022-05-02,03:35:32
418,0,0,0,GaussianProcessClassifier,{},{},2022-05-02,03:35:32
419,1,1,0,GaussianProcessClassifier,{},{},2022-05-02,03:35:32
420,0,0,0,GaussianProcessClassifier,{},{},2022-05-02,03:35:32
421,0,0,0,GaussianProcessClassifier,{},{},2022-05-02,03:35:32
422,1,1,0,GaussianProcessClassifier,{},{},2022-05-02,03:35:32
423,1,1,0,GaussianProcessClassifier,{},{},2022-05-02,03:35:32
424,0,0,0,GaussianProcessClassifier,{},{},2022-05-02,03:35:32
425,1,0,0,GaussianProcessClassifier,{},{},2022-05-02,03:35:32
426,0,0,0,GaussianProcessClassifier,{},{},2022-05-02,03:35:32
427,1,1,0,GaussianProcessClassifier,{},{},2022-05-02,03:35:32
428,0,1,0,GaussianProcessClassifier,{},{},2022-05-02,03:35:32
429,0,0,0,GaussianProcessClassifier,{},{},2022-05-02,03:35:32
430,0,0,0,GaussianProcessClassifier,{},{},2022-05-02,03:35:32
431,0,0,0,GaussianProcessClassifier,{},{},2022-05-02,03:35:32
432,1,1,0,GaussianProcessClassifier,{},{},2022-05-02,03:35:32
433,0,1,0,GaussianProcessClassifier,{},{},2022-05-02,03:35:32
434,1,0,0,GaussianProcessClassifier,{},{},2022-05-02,03:35:32
435,0,0,0,GaussianProcessClassifier,{},{},2022-05-02,03:35:32
436,0,1,0,GaussianProcessClassifier,{},{},2022-05-02,03:35:32
437,0,1,0,GaussianProcessClassifier,{},{},2022-05-02,03:35:32
438,1,1,0,GaussianProcessClassifier,{},{},2022-05-02,03:35:32
439,0,0,0,GaussianProcessClassifier,{},{},2022-05-02,03:35:32
440,0,0,0,GaussianProcessClassifier,{},{},2022-05-02,03:35:32
441,1,1,0,GaussianProcessClassifier,{},{},2022-05-02,03:35:32
442,0,0,0,GaussianProcessClassifier,{},{},2022-05-02,03:35:32
443,0,0,0,GaussianProcessClassifier,{},{},2022-05-02,03:35:32
444,1,0,0,GaussianProcessClassifier,{},{},2022-05-02,03:35:32
445,1,1,0,GaussianProcessClassifier,{},{},2022-05-02,03:35:32
446,1,1,0,GaussianProcessClassifier,{},{},2022-05-02,03:35:32
447,0,0,0,GaussianProcessClassifier,{},{},2022-05-02,03:35:32
448,1,1,0,GaussianProcessClassifier,{},{},2022-05-02,03:35:32
449,0,0,0,GaussianProcessClassifier,{},{},2022-05-02,03:35:32
450,1,1,0,GaussianNB,{},{},2022-05-02,03:35:32
451,0,0,0,GaussianNB,{},{},2022-05-02,03:35:32
452,0,0,0,GaussianNB,{},{},2022-05-02,03:35:32
453,1,1,0,GaussianNB,{},{},2022-05-02,03:35:32
454,0,0,0,GaussianNB,{},{},2022-05-02,03:35:32
455,1,1,0,GaussianNB,{},{},2022-05-02,03:35:32
456,1,1,0,GaussianNB,{},{},2022-05-02,03:35:32
457,1,1,0,GaussianNB,{},{},2022-05-02,03:35:32
458,0,0,0,GaussianNB,{},{},2022-05-02,03:35:32
459,0,0,0,GaussianNB,{},{},2022-05-02,03:35:32
460,1,1,0,GaussianNB,{},{},2022-05-02,03:35:32
461,0,1,0,GaussianNB,{},{},2022-05-02,03:35:32
462,1,1,0,GaussianNB,{},{},2022-05-02,03:35:32
463,1,1,0,GaussianNB,{},{},2022-05-02,03:35:32
464,1,1,0,GaussianNB,{},{},2022-05-02,03:35:32
465,0,0,0,GaussianNB,{},{},2022-05-02,03:35:32
466,0,0,0,GaussianNB,{},{},2022-05-02,03:35:32
467,0,0,0,GaussianNB,{},{},2022-05-02,03:35:32
468,0,0,0,GaussianNB,{},{},2022-05-02,03:35:32
469,1,1,0,GaussianNB,{},{},2022-05-02,03:35:32
470,0,0,0,GaussianNB,{},{},2022-05-02,03:35:32
471,0,0,0,GaussianNB,{},{},2022-05-02,03:35:32
472,1,1,0,GaussianNB,{},{},2022-05-02,03:35:32
473,1,1,0,GaussianNB,{},{},2022-05-02,03:35:32
474,0,0,0,GaussianNB,{},{},2022-05-02,03:35:32
475,1,1,0,GaussianNB,{},{},2022-05-02,03:35:32
476,0,0,0,GaussianNB,{},{},2022-05-02,03:35:32
477,1,1,0,GaussianNB,{},{},2022-05-02,03:35:32
478,0,0,0,GaussianNB,{},{},2022-05-02,03:35:32
479,0,0,0,GaussianNB,{},{},2022-05-02,03:35:32
480,0,0,0,GaussianNB,{},{},2022-05-02,03:35:32
481,0,0,0,GaussianNB,{},{},2022-05-02,03:35:32
482,1,1,0,GaussianNB,{},{},2022-05-02,03:35:32
483,0,0,0,GaussianNB,{},{},2022-05-02,03:35:32
484,1,0,0,GaussianNB,{},{},2022-05-02,03:35:32
485,0,0,0,GaussianNB,{},{},2022-05-02,03:35:32
486,0,0,0,GaussianNB,{},{},2022-05-02,03:35:32
487,0,0,0,GaussianNB,{},{},2022-05-02,03:35:32
488,1,1,0,GaussianNB,{},{},2022-05-02,03:35:32
489,0,0,0,GaussianNB,{},{},2022-05-02,03:35:32
490,0,0,0,GaussianNB,{},{},2022-05-02,03:35:32
491,1,1,0,GaussianNB,{},{},2022-05-02,03:35:32
492,0,0,0,GaussianNB,{},{},2022-05-02,03:35:32
493,0,0,0,GaussianNB,{},{},2022-05-02,03:35:32
494,1,1,0,GaussianNB,{},{},2022-05-02,03:35:32
495,1,1,0,GaussianNB,{},{},2022-05-02,03:35:32
496,1,1,0,GaussianNB,{},{},2022-05-02,03:35:32
497,0,0,0,GaussianNB,{},{},2022-05-02,03:35:32
498,1,1,0,GaussianNB,{},{},2022-05-02,03:35:32
499,0,0,0,GaussianNB,{},{},2022-05-02,03:35:32
500,1,1,0,BernoulliNB,{},{},2022-05-02,03:35:32
501,0,0,0,BernoulliNB,{},{},2022-05-02,03:35:32
502,0,0,0,BernoulliNB,{},{},2022-05-02,03:35:32
503,1,1,0,BernoulliNB,{},{},2022-05-02,03:35:32
504,0,0,0,BernoulliNB,{},{},2022-05-02,03:35:32
505,1,1,0,BernoulliNB,{},{},2022-05-02,03:35:32
506,1,1,0,BernoulliNB,{},{},2022-05-02,03:35:32
507,1,1,0,BernoulliNB,{},{},2022-05-02,03:35:32
508,0,0,0,BernoulliNB,{},{},2022-05-02,03:35:32
509,0,0,0,BernoulliNB,{},{},2022-05-02,03:35:32
510,1,1,0,BernoulliNB,{},{},2022-05-02,03:35:32
511,0,1,0,BernoulliNB,{},{},2022-05-02,03:35:32
512,1,1,0,BernoulliNB,{},{},2022-05-02,03:35:32
513,1,1,0,BernoulliNB,{},{},2022-05-02,03:35:32
514,1,1,0,BernoulliNB,{},{},2022-05-02,03:35:32
515,0,0,0,BernoulliNB,{},{},2022-05-02,03:35:32
516,0,0,0,BernoulliNB,{},{},2022-05-02,03:35:32
517,0,0,0,BernoulliNB,{},{},2022-05-02,03:35:32
518,0,0,0,BernoulliNB,{},{},2022-05-02,03:35:32
519,1,1,0,BernoulliNB,{},{},2022-05-02,03:35:32
520,0,0,0,BernoulliNB,{},{},2022-05-02,03:35:32
521,0,0,0,BernoulliNB,{},{},2022-05-02,03:35:32
522,1,1,0,BernoulliNB,{},{},2022-05-02,03:35:32
523,1,1,0,BernoulliNB,{},{},2022-05-02,03:35:32
524,0,0,0,BernoulliNB,{},{},2022-05-02,03:35:32
525,1,1,0,BernoulliNB,{},{},2022-05-02,03:35:32
526,0,0,0,BernoulliNB,{},{},2022-05-02,03:35:32
527,1,1,0,BernoulliNB,{},{},2022-05-02,03:35:32
528,0,0,0,BernoulliNB,{},{},2022-05-02,03:35:32
529,0,0,0,BernoulliNB,{},{},2022-05-02,03:35:32
530,0,0,0,BernoulliNB,{},{},2022-05-02,03:35:32
531,0,0,0,BernoulliNB,{},{},2022-05-02,03:35:32
532,1,1,0,BernoulliNB,{},{},2022-05-02,03:35:32
533,0,0,0,BernoulliNB,{},{},2022-05-02,03:35:32
534,1,0,0,BernoulliNB,{},{},2022-05-02,03:35:32
535,0,0,0,BernoulliNB,{},{},2022-05-02,03:35:32
536,0,0,0,BernoulliNB,{},{},2022-05-02,03:35:32
537,0,0,0,BernoulliNB,{},{},2022-05-02,03:35:32
538,1,1,0,BernoulliNB,{},{},2022-05-02,03:35:32
539,0,0,0,BernoulliNB,{},{},2022-05-02,03:35:32
540,0,0,0,BernoulliNB,{},{},2022-05-02,03:35:32
541,1,1,0,BernoulliNB,{},{},2022-05-02,03:35:32
542,0,0,0,BernoulliNB,{},{},2022-05-02,03:35:32
543,0,0,0,BernoulliNB,{},{},2022-05-02,03:35:32
544,1,1,0,BernoulliNB,{},{},2022-05-02,03:35:32
545,1,1,0,BernoulliNB,{},{},2022-05-02,03:35:32
546,1,1,0,BernoulliNB,{},{},2022-05-02,03:35:32
547,0,0,0,BernoulliNB,{},{},2022-05-02,03:35:32
548,1,1,0,BernoulliNB,{},{},2022-05-02,03:35:32
549,0,0,0,BernoulliNB,{},{},2022-05-02,03:35:32
550,1,1,0,DecisionTreeClassifier,{},{},2022-05-02,03:35:32
551,0,0,0,DecisionTreeClassifier,{},{},2022-05-02,03:35:32
552,0,0,0,DecisionTreeClassifier,{},{},2022-05-02,03:35:32
553,1,1,0,DecisionTreeClassifier,{},{},2022-05-02,03:35:32
554,0,0,0,DecisionTreeClassifier,{},{},2022-05-02,03:35:32
555,1,1,0,DecisionTreeClassifier,{},{},2022-05-02,03:35:32
556,1,1,0,DecisionTreeClassifier,{},{},2022-05-02,03:35:32
557,1,1,0,DecisionTreeClassifier,{},{},2022-05-02,03:35:32
558,0,1,0,DecisionTreeClassifier,{},{},2022-05-02,03:35:32
559,0,0,0,DecisionTreeClassifier,{},{},2022-05-02,03:35:32
560,1,1,0,DecisionTreeClassifier,{},{},2022-05-02,03:35:32
561,0,1,0,DecisionTreeClassifier,{},{},2022-05-02,03:35:32
562,1,1,0,DecisionTreeClassifier,{},{},2022-05-02,03:35:32
563,1,1,0,DecisionTreeClassifier,{},{},2022-05-02,03:35:32
564,1,1,0,DecisionTreeClassifier,{},{},2022-05-02,03:35:32
565,0,0,0,DecisionTreeClassifier,{},{},2022-05-02,03:35:32
566,0,0,0,DecisionTreeClassifier,{},{},2022-05-02,03:35:32
567,0,1,0,DecisionTreeClassifier,{},{},2022-05-02,03:35:32
568,0,0,0,DecisionTreeClassifier,{},{},2022-05-02,03:35:32
569,1,1,0,DecisionTreeClassifier,{},{},2022-05-02,03:35:32
570,0,0,0,DecisionTreeClassifier,{},{},2022-05-02,03:35:32
571,0,0,0,DecisionTreeClassifier,{},{},2022-05-02,03:35:32
572,1,1,0,DecisionTreeClassifier,{},{},2022-05-02,03:35:32
573,1,1,0,DecisionTreeClassifier,{},{},2022-05-02,03:35:32
574,0,0,0,DecisionTreeClassifier,{},{},2022-05-02,03:35:32
575,1,1,0,DecisionTreeClassifier,{},{},2022-05-02,03:35:32
576,0,0,0,DecisionTreeClassifier,{},{},2022-05-02,03:35:32
577,1,1,0,DecisionTreeClassifier,{},{},2022-05-02,03:35:32
578,0,0,0,DecisionTreeClassifier,{},{},2022-05-02,03:35:32
579,0,0,0,DecisionTreeClassifier,{},{},2022-05-02,03:35:32
580,0,1,0,DecisionTreeClassifier,{},{},2022-05-02,03:35:32
581,0,1,0,DecisionTreeClassifier,{},{},2022-05-02,03:35:32
582,1,1,0,DecisionTreeClassifier,{},{},2022-05-02,03:35:32
583,0,0,0,DecisionTreeClassifier,{},{},2022-05-02,03:35:32
584,1,1,0,DecisionTreeClassifier,{},{},2022-05-02,03:35:32
585,0,0,0,DecisionTreeClassifier,{},{},2022-05-02,03:35:32
586,0,0,0,DecisionTreeClassifier,{},{},2022-05-02,03:35:32
587,0,0,0,DecisionTreeClassifier,{},{},2022-05-02,03:35:32
588,1,1,0,DecisionTreeClassifier,{},{},2022-05-02,03:35:32
589,0,1,0,DecisionTreeClassifier,{},{},2022-05-02,03:35:32
590,0,0,0,DecisionTreeClassifier,{},{},2022-05-02,03:35:32
591,1,1,0,DecisionTreeClassifier,{},{},2022-05-02,03:35:32
592,0,0,0,DecisionTreeClassifier,{},{},2022-05-02,03:35:32
593,0,1,0,DecisionTreeClassifier,{},{},2022-05-02,03:35:32
594,1,1,0,DecisionTreeClassifier,{},{},2022-05-02,03:35:32
595,1,1,0,DecisionTreeClassifier,{},{},2022-05-02,03:35:32
596,1,1,0,DecisionTreeClassifier,{},{},2022-05-02,03:35:32
597,0,0,0,DecisionTreeClassifier,{},{},2022-05-02,03:35:32
598,1,1,0,DecisionTreeClassifier,{},{},2022-05-02,03:35:32
599,0,0,0,DecisionTreeClassifier,{},{},2022-05-02,03:35:32
600,1,1,0,ExtraTreesClassifier,{},{},2022-05-02,03:35:32
601,0,0,0,ExtraTreesClassifier,{},{},2022-05-02,03:35:32
602,0,0,0,ExtraTreesClassifier,{},{},2022-05-02,03:35:32
603,1,1,0,ExtraTreesClassifier,{},{},2022-05-02,03:35:32
604,0,0,0,ExtraTreesClassifier,{},{},2022-05-02,03:35:32
605,1,1,0,ExtraTreesClassifier,{},{},2022-05-02,03:35:32
606,1,1,0,ExtraTreesClassifier,{},{},2022-05-02,03:35:32
607,1,1,0,ExtraTreesClassifier,{},{},2022-05-02,03:35:32
608,0,0,0,ExtraTreesClassifier,{},{},2022-05-02,03:35:32
609,0,0,0,ExtraTreesClassifier,{},{},2022-05-02,03:35:32
610,1,1,0,ExtraTreesClassifier,{},{},2022-05-02,03:35:32
611,0,1,0,ExtraTreesClassifier,{},{},2022-05-02,03:35:32
612,1,1,0,ExtraTreesClassifier,{},{},2022-05-02,03:35:32
613,1,1,0,ExtraTreesClassifier,{},{},2022-05-02,03:35:32
614,1,1,0,ExtraTreesClassifier,{},{},2022-05-02,03:35:32
615,0,0,0,ExtraTreesClassifier,{},{},2022-05-02,03:35:32
616,0,0,0,ExtraTreesClassifier,{},{},2022-05-02,03:35:32
617,0,0,0,ExtraTreesClassifier,{},{},2022-05-02,03:35:32
618,0,0,0,ExtraTreesClassifier,{},{},2022-05-02,03:35:32
619,1,1,0,ExtraTreesClassifier,{},{},2022-05-02,03:35:32
620,0,0,0,ExtraTreesClassifier,{},{},2022-05-02,03:35:32
621,0,0,0,ExtraTreesClassifier,{},{},2022-05-02,03:35:32
622,1,1,0,ExtraTreesClassifier,{},{},2022-05-02,03:35:32
623,1,1,0,ExtraTreesClassifier,{},{},2022-05-02,03:35:32
624,0,0,0,ExtraTreesClassifier,{},{},2022-05-02,03:35:32
625,1,1,0,ExtraTreesClassifier,{},{},2022-05-02,03:35:32
626,0,0,0,ExtraTreesClassifier,{},{},2022-05-02,03:35:32
627,1,1,0,ExtraTreesClassifier,{},{},2022-05-02,03:35:32
628,0,0,0,ExtraTreesClassifier,{},{},2022-05-02,03:35:32
629,0,0,0,ExtraTreesClassifier,{},{},2022-05-02,03:35:32
630,0,0,0,ExtraTreesClassifier,{},{},2022-05-02,03:35:32
631,0,0,0,ExtraTreesClassifier,{},{},2022-05-02,03:35:32
632,1,1,0,ExtraTreesClassifier,{},{},2022-05-02,03:35:32
633,0,0,0,ExtraTreesClassifier,{},{},2022-05-02,03:35:32
634,1,0,0,ExtraTreesClassifier,{},{},2022-05-02,03:35:32
635,0,0,0,ExtraTreesClassifier,{},{},2022-05-02,03:35:32
636,0,0,0,ExtraTreesClassifier,{},{},2022-05-02,03:35:32
637,0,0,0,ExtraTreesClassifier,{},{},2022-05-02,03:35:32
638,1,1,0,ExtraTreesClassifier,{},{},2022-05-02,03:35:32
639,0,0,0,ExtraTreesClassifier,{},{},2022-05-02,03:35:32
640,0,0,0,ExtraTreesClassifier,{},{},2022-05-02,03:35:32
641,1,1,0,ExtraTreesClassifier,{},{},2022-05-02,03:35:32
642,0,0,0,ExtraTreesClassifier,{},{},2022-05-02,03:35:32
643,0,0,0,ExtraTreesClassifier,{},{},2022-05-02,03:35:32
644,1,1,0,ExtraTreesClassifier,{},{},2022-05-02,03:35:32
645,1,1,0,ExtraTreesClassifier,{},{},2022-05-02,03:35:32
646,1,1,0,ExtraTreesClassifier,{},{},2022-05-02,03:35:32
647,0,0,0,ExtraTreesClassifier,{},{},2022-05-02,03:35:32
648,1,1,0,ExtraTreesClassifier,{},{},2022-05-02,03:35:32
649,0,0,0,ExtraTreesClassifier,{},{},2022-05-02,03:35:32
650,1,1,0,AdaBoostClassifier,{},{},2022-05-02,03:35:32
651,0,0,0,AdaBoostClassifier,{},{},2022-05-02,03:35:32
652,0,0,0,AdaBoostClassifier,{},{},2022-05-02,03:35:32
653,1,1,0,AdaBoostClassifier,{},{},2022-05-02,03:35:32
654,0,0,0,AdaBoostClassifier,{},{},2022-05-02,03:35:32
655,1,1,0,AdaBoostClassifier,{},{},2022-05-02,03:35:32
656,1,1,0,AdaBoostClassifier,{},{},2022-05-02,03:35:32
657,1,1,0,AdaBoostClassifier,{},{},2022-05-02,03:35:32
658,0,1,0,AdaBoostClassifier,{},{},2022-05-02,03:35:32
659,0,0,0,AdaBoostClassifier,{},{},2022-05-02,03:35:32
660,1,1,0,AdaBoostClassifier,{},{},2022-05-02,03:35:32
661,0,1,0,AdaBoostClassifier,{},{},2022-05-02,03:35:32
662,1,1,0,AdaBoostClassifier,{},{},2022-05-02,03:35:32
663,1,1,0,AdaBoostClassifier,{},{},2022-05-02,03:35:32
664,1,1,0,AdaBoostClassifier,{},{},2022-05-02,03:35:32
665,0,0,0,AdaBoostClassifier,{},{},2022-05-02,03:35:32
666,0,0,0,AdaBoostClassifier,{},{},2022-05-02,03:35:32
667,0,1,0,AdaBoostClassifier,{},{},2022-05-02,03:35:32
668,0,0,0,AdaBoostClassifier,{},{},2022-05-02,03:35:32
669,1,1,0,AdaBoostClassifier,{},{},2022-05-02,03:35:32
670,0,0,0,AdaBoostClassifier,{},{},2022-05-02,03:35:32
671,0,0,0,AdaBoostClassifier,{},{},2022-05-02,03:35:32
672,1,1,0,AdaBoostClassifier,{},{},2022-05-02,03:35:32
673,1,1,0,AdaBoostClassifier,{},{},2022-05-02,03:35:32
674,0,0,0,AdaBoostClassifier,{},{},2022-05-02,03:35:32
675,1,1,0,AdaBoostClassifier,{},{},2022-05-02,03:35:32
676,0,0,0,AdaBoostClassifier,{},{},2022-05-02,03:35:32
677,1,1,0,AdaBoostClassifier,{},{},2022-05-02,03:35:32
678,0,0,0,AdaBoostClassifier,{},{},2022-05-02,03:35:32
679,0,0,0,AdaBoostClassifier,{},{},2022-05-02,03:35:32
680,0,1,0,AdaBoostClassifier,{},{},2022-05-02,03:35:32
681,0,1,0,AdaBoostClassifier,{},{},2022-05-02,03:35:32
682,1,1,0,AdaBoostClassifier,{},{},2022-05-02,03:35:32
683,0,0,0,AdaBoostClassifier,{},{},2022-05-02,03:35:32
684,1,1,0,AdaBoostClassifier,{},{},2022-05-02,03:35:32
685,0,0,0,AdaBoostClassifier,{},{},2022-05-02,03:35:32
686,0,0,0,AdaBoostClassifier,{},{},2022-05-02,03:35:32
687,0,0,0,AdaBoostClassifier,{},{},2022-05-02,03:35:32
688,1,1,0,AdaBoostClassifier,{},{},2022-05-02,03:35:32
689,0,1,0,AdaBoostClassifier,{},{},2022-05-02,03:35:32
690,0,0,0,AdaBoostClassifier,{},{},2022-05-02,03:35:32
691,1,1,0,AdaBoostClassifier,{},{},2022-05-02,03:35:32
692,0,0,0,AdaBoostClassifier,{},{},2022-05-02,03:35:32
693,0,1,0,AdaBoostClassifier,{},{},2022-05-02,03:35:32
694,1,1,0,AdaBoostClassifier,{},{},2022-05-02,03:35:32
695,1,1,0,AdaBoostClassifier,{},{},2022-05-02,03:35:32
696,1,1,0,AdaBoostClassifier,{},{},2022-05-02,03:35:32
697,0,0,0,AdaBoostClassifier,{},{},2022-05-02,03:35:32
698,1,1,0,AdaBoostClassifier,{},{},2022-05-02,03:35:32
699,0,0,0,AdaBoostClassifier,{},{},2022-05-02,03:35:32
